{
  "indexes": [
    {
      "collectionGroup": "leaderboards",
      "queryScope": "COLLECTION",
      "fields": [
        {
          "fieldPath": "userId",
          "order": "ASCENDING"
        },
        {
          "fieldPath": "createdAt",
          "order": "DESCENDING"
        }
      ]
    },
    {
      "collectionGroup": "leaderboards",
      "queryScope": "COLLECTION",
      "fields": [
        {
          "fieldPath": "gameId",
          "order": "ASCENDING"
        },
        {
          "fieldPath": "score",
          "order": "DESCENDING"
        }
      ]
    },
    {
      "collectionGroup": "ai_sessions",
      "queryScope": "COLLECTION",
      "fields": [
        {
          "fieldPath": "userId",
          "order": "ASCENDING"
        },
        {
          "fieldPath": "createdAt",
          "order": "DESCENDING"
        }
      ]
    }
    {
      "collectionGroup": "ai_sessions",
      "queryScope": "COLLECTION",
      "fields": [
        { "fieldPath": "userId", "order": "ASCENDING" },
        { "fieldPath": "createdAt", "order": "DESCENDING" }
      ]
    }
  ],
  "fieldOverrides": []
}
